station,alpha
23701,0.958333333333333
23702,0.958888888888889
